{
  "name": "WeaponsDrawn",
  "title": "Weapons Drawn",
  "description": "A module that automatically swap to an alternate token image when in the combat state.",
  "version": "0.2",
  "author": "Vanir#0001 (discord)",
  "esmodules": [
    "WeaponsDrawn.js"
  ],
  "styles": [
    "WeaponsDrawn.css"
  ],
  "minimumCoreVersion": "0.7.9",
  "compatibleCoreVersion": "0.7.9",
  "url": "https://github.com/VanirDev/WeaponsDrawn",
  "manifest": "https://raw.githubusercontent.com/VanirDev/WeaponsDrawn/main/module.json",
  "download": "https://github.com/VanirDev/WeaponsDrawn/raw/main/WeaponsDrawn.zip"
}